[
  {
    "model": "auth.permission",
    "pk": 1,
    "fields": {
      "name": "Can add log entry",
      "content_type": 1,
      "codename": "add_logentry"
    }
  },
  {
    "model": "auth.permission",
    "pk": 2,
    "fields": {
      "name": "Can change log entry",
      "content_type": 1,
      "codename": "change_logentry"
    }
  },
  {
    "model": "auth.permission",
    "pk": 3,
    "fields": {
      "name": "Can delete log entry",
      "content_type": 1,
      "codename": "delete_logentry"
    }
  },
  {
    "model": "auth.permission",
    "pk": 4,
    "fields": {
      "name": "Can view log entry",
      "content_type": 1,
      "codename": "view_logentry"
    }
  },
  {
    "model": "auth.permission",
    "pk": 5,
    "fields": {
      "name": "Can add permission",
      "content_type": 2,
      "codename": "add_permission"
    }
  },
  {
    "model": "auth.permission",
    "pk": 6,
    "fields": {
      "name": "Can change permission",
      "content_type": 2,
      "codename": "change_permission"
    }
  },
  {
    "model": "auth.permission",
    "pk": 7,
    "fields": {
      "name": "Can delete permission",
      "content_type": 2,
      "codename": "delete_permission"
    }
  },
  {
    "model": "auth.permission",
    "pk": 8,
    "fields": {
      "name": "Can view permission",
      "content_type": 2,
      "codename": "view_permission"
    }
  },
  {
    "model": "auth.permission",
    "pk": 9,
    "fields": {
      "name": "Can add group",
      "content_type": 3,
      "codename": "add_group"
    }
  },
  {
    "model": "auth.permission",
    "pk": 10,
    "fields": {
      "name": "Can change group",
      "content_type": 3,
      "codename": "change_group"
    }
  },
  {
    "model": "auth.permission",
    "pk": 11,
    "fields": {
      "name": "Can delete group",
      "content_type": 3,
      "codename": "delete_group"
    }
  },
  {
    "model": "auth.permission",
    "pk": 12,
    "fields": {
      "name": "Can view group",
      "content_type": 3,
      "codename": "view_group"
    }
  },
  {
    "model": "auth.permission",
    "pk": 13,
    "fields": {
      "name": "Can add content type",
      "content_type": 4,
      "codename": "add_contenttype"
    }
  },
  {
    "model": "auth.permission",
    "pk": 14,
    "fields": {
      "name": "Can change content type",
      "content_type": 4,
      "codename": "change_contenttype"
    }
  },
  {
    "model": "auth.permission",
    "pk": 15,
    "fields": {
      "name": "Can delete content type",
      "content_type": 4,
      "codename": "delete_contenttype"
    }
  },
  {
    "model": "auth.permission",
    "pk": 16,
    "fields": {
      "name": "Can view content type",
      "content_type": 4,
      "codename": "view_contenttype"
    }
  },
  {
    "model": "auth.permission",
    "pk": 17,
    "fields": {
      "name": "Can add session",
      "content_type": 5,
      "codename": "add_session"
    }
  },
  {
    "model": "auth.permission",
    "pk": 18,
    "fields": {
      "name": "Can change session",
      "content_type": 5,
      "codename": "change_session"
    }
  },
  {
    "model": "auth.permission",
    "pk": 19,
    "fields": {
      "name": "Can delete session",
      "content_type": 5,
      "codename": "delete_session"
    }
  },
  {
    "model": "auth.permission",
    "pk": 20,
    "fields": {
      "name": "Can view session",
      "content_type": 5,
      "codename": "view_session"
    }
  },
  {
    "model": "auth.permission",
    "pk": 21,
    "fields": {
      "name": "Can add product category",
      "content_type": 6,
      "codename": "add_productcategory"
    }
  },
  {
    "model": "auth.permission",
    "pk": 22,
    "fields": {
      "name": "Can change product category",
      "content_type": 6,
      "codename": "change_productcategory"
    }
  },
  {
    "model": "auth.permission",
    "pk": 23,
    "fields": {
      "name": "Can delete product category",
      "content_type": 6,
      "codename": "delete_productcategory"
    }
  },
  {
    "model": "auth.permission",
    "pk": 24,
    "fields": {
      "name": "Can view product category",
      "content_type": 6,
      "codename": "view_productcategory"
    }
  },
  {
    "model": "auth.permission",
    "pk": 25,
    "fields": {
      "name": "Can add product",
      "content_type": 7,
      "codename": "add_product"
    }
  },
  {
    "model": "auth.permission",
    "pk": 26,
    "fields": {
      "name": "Can change product",
      "content_type": 7,
      "codename": "change_product"
    }
  },
  {
    "model": "auth.permission",
    "pk": 27,
    "fields": {
      "name": "Can delete product",
      "content_type": 7,
      "codename": "delete_product"
    }
  },
  {
    "model": "auth.permission",
    "pk": 28,
    "fields": {
      "name": "Can view product",
      "content_type": 7,
      "codename": "view_product"
    }
  },
  {
    "model": "auth.permission",
    "pk": 29,
    "fields": {
      "name": "Can add user",
      "content_type": 8,
      "codename": "add_shopuser"
    }
  },
  {
    "model": "auth.permission",
    "pk": 30,
    "fields": {
      "name": "Can change user",
      "content_type": 8,
      "codename": "change_shopuser"
    }
  },
  {
    "model": "auth.permission",
    "pk": 31,
    "fields": {
      "name": "Can delete user",
      "content_type": 8,
      "codename": "delete_shopuser"
    }
  },
  {
    "model": "auth.permission",
    "pk": 32,
    "fields": {
      "name": "Can view user",
      "content_type": 8,
      "codename": "view_shopuser"
    }
  },
  {
    "model": "auth.permission",
    "pk": 33,
    "fields": {
      "name": "Can add basket",
      "content_type": 9,
      "codename": "add_basket"
    }
  },
  {
    "model": "auth.permission",
    "pk": 34,
    "fields": {
      "name": "Can change basket",
      "content_type": 9,
      "codename": "change_basket"
    }
  },
  {
    "model": "auth.permission",
    "pk": 35,
    "fields": {
      "name": "Can delete basket",
      "content_type": 9,
      "codename": "delete_basket"
    }
  },
  {
    "model": "auth.permission",
    "pk": 36,
    "fields": {
      "name": "Can view basket",
      "content_type": 9,
      "codename": "view_basket"
    }
  },
  {
    "model": "auth.permission",
    "pk": 37,
    "fields": {
      "name": "Can add shop user profile",
      "content_type": 10,
      "codename": "add_shopuserprofile"
    }
  },
  {
    "model": "auth.permission",
    "pk": 38,
    "fields": {
      "name": "Can change shop user profile",
      "content_type": 10,
      "codename": "change_shopuserprofile"
    }
  },
  {
    "model": "auth.permission",
    "pk": 39,
    "fields": {
      "name": "Can delete shop user profile",
      "content_type": 10,
      "codename": "delete_shopuserprofile"
    }
  },
  {
    "model": "auth.permission",
    "pk": 40,
    "fields": {
      "name": "Can view shop user profile",
      "content_type": 10,
      "codename": "view_shopuserprofile"
    }
  },
  {
    "model": "auth.permission",
    "pk": 41,
    "fields": {
      "name": "Can add association",
      "content_type": 11,
      "codename": "add_association"
    }
  },
  {
    "model": "auth.permission",
    "pk": 42,
    "fields": {
      "name": "Can change association",
      "content_type": 11,
      "codename": "change_association"
    }
  },
  {
    "model": "auth.permission",
    "pk": 43,
    "fields": {
      "name": "Can delete association",
      "content_type": 11,
      "codename": "delete_association"
    }
  },
  {
    "model": "auth.permission",
    "pk": 44,
    "fields": {
      "name": "Can view association",
      "content_type": 11,
      "codename": "view_association"
    }
  },
  {
    "model": "auth.permission",
    "pk": 45,
    "fields": {
      "name": "Can add code",
      "content_type": 12,
      "codename": "add_code"
    }
  },
  {
    "model": "auth.permission",
    "pk": 46,
    "fields": {
      "name": "Can change code",
      "content_type": 12,
      "codename": "change_code"
    }
  },
  {
    "model": "auth.permission",
    "pk": 47,
    "fields": {
      "name": "Can delete code",
      "content_type": 12,
      "codename": "delete_code"
    }
  },
  {
    "model": "auth.permission",
    "pk": 48,
    "fields": {
      "name": "Can view code",
      "content_type": 12,
      "codename": "view_code"
    }
  },
  {
    "model": "auth.permission",
    "pk": 49,
    "fields": {
      "name": "Can add nonce",
      "content_type": 13,
      "codename": "add_nonce"
    }
  },
  {
    "model": "auth.permission",
    "pk": 50,
    "fields": {
      "name": "Can change nonce",
      "content_type": 13,
      "codename": "change_nonce"
    }
  },
  {
    "model": "auth.permission",
    "pk": 51,
    "fields": {
      "name": "Can delete nonce",
      "content_type": 13,
      "codename": "delete_nonce"
    }
  },
  {
    "model": "auth.permission",
    "pk": 52,
    "fields": {
      "name": "Can view nonce",
      "content_type": 13,
      "codename": "view_nonce"
    }
  },
  {
    "model": "auth.permission",
    "pk": 53,
    "fields": {
      "name": "Can add user social auth",
      "content_type": 14,
      "codename": "add_usersocialauth"
    }
  },
  {
    "model": "auth.permission",
    "pk": 54,
    "fields": {
      "name": "Can change user social auth",
      "content_type": 14,
      "codename": "change_usersocialauth"
    }
  },
  {
    "model": "auth.permission",
    "pk": 55,
    "fields": {
      "name": "Can delete user social auth",
      "content_type": 14,
      "codename": "delete_usersocialauth"
    }
  },
  {
    "model": "auth.permission",
    "pk": 56,
    "fields": {
      "name": "Can view user social auth",
      "content_type": 14,
      "codename": "view_usersocialauth"
    }
  },
  {
    "model": "auth.permission",
    "pk": 57,
    "fields": {
      "name": "Can add partial",
      "content_type": 15,
      "codename": "add_partial"
    }
  },
  {
    "model": "auth.permission",
    "pk": 58,
    "fields": {
      "name": "Can change partial",
      "content_type": 15,
      "codename": "change_partial"
    }
  },
  {
    "model": "auth.permission",
    "pk": 59,
    "fields": {
      "name": "Can delete partial",
      "content_type": 15,
      "codename": "delete_partial"
    }
  },
  {
    "model": "auth.permission",
    "pk": 60,
    "fields": {
      "name": "Can view partial",
      "content_type": 15,
      "codename": "view_partial"
    }
  },
  {
    "model": "auth.permission",
    "pk": 61,
    "fields": {
      "name": "Can add \u0437\u0430\u043a\u0430\u0437",
      "content_type": 16,
      "codename": "add_order"
    }
  },
  {
    "model": "auth.permission",
    "pk": 62,
    "fields": {
      "name": "Can change \u0437\u0430\u043a\u0430\u0437",
      "content_type": 16,
      "codename": "change_order"
    }
  },
  {
    "model": "auth.permission",
    "pk": 63,
    "fields": {
      "name": "Can delete \u0437\u0430\u043a\u0430\u0437",
      "content_type": 16,
      "codename": "delete_order"
    }
  },
  {
    "model": "auth.permission",
    "pk": 64,
    "fields": {
      "name": "Can view \u0437\u0430\u043a\u0430\u0437",
      "content_type": 16,
      "codename": "view_order"
    }
  },
  {
    "model": "auth.permission",
    "pk": 65,
    "fields": {
      "name": "Can add order item",
      "content_type": 17,
      "codename": "add_orderitem"
    }
  },
  {
    "model": "auth.permission",
    "pk": 66,
    "fields": {
      "name": "Can change order item",
      "content_type": 17,
      "codename": "change_orderitem"
    }
  },
  {
    "model": "auth.permission",
    "pk": 67,
    "fields": {
      "name": "Can delete order item",
      "content_type": 17,
      "codename": "delete_orderitem"
    }
  },
  {
    "model": "auth.permission",
    "pk": 68,
    "fields": {
      "name": "Can view order item",
      "content_type": 17,
      "codename": "view_orderitem"
    }
  },
  {
    "model": "sessions.session",
    "pk": "4w58cx45527pum5x3sq4eqro1hm7jjg9",
    "fields": {
      "session_data": "MTZkNzY4NGNjMDM1NDQ0NzZjOTg0ZmU5Zjk5ZDQ2Njk4ZmU3OTczMDp7Im5leHQiOiIvIiwidmstb2F1dGgyX3N0YXRlIjoiNnIyTldlN3BxdkFwbTNxbzdwSzNYUnhab3VZcDZFaGoifQ==",
      "expire_date": "2019-12-17T11:20:10.728Z"
    }
  },
  {
    "model": "sessions.session",
    "pk": "75pkz0zmhlhg5pc69udkamy4frq9sx6n",
    "fields": {
      "session_data": "MzM5ZTE2MzI2ZmQyNTNlMjRlZmQ0ZWM3OTAzZDlhMzk1YzRmNWZmNDp7Il9hdXRoX3VzZXJfaWQiOiI0OSIsIl9hdXRoX3VzZXJfYmFja2VuZCI6InNvY2lhbF9jb3JlLmJhY2tlbmRzLnZrLlZLT0F1dGgyIiwiX2F1dGhfdXNlcl9oYXNoIjoiY2IyMGU2NDQ1ZGRkYTIxOTI0Mjk0OGU5YmVkZTJmOGJhNWVmZDY3NCIsInNvY2lhbF9hdXRoX2xhc3RfbG9naW5fYmFja2VuZCI6InZrLW9hdXRoMiJ9",
      "expire_date": "2019-12-18T15:25:25.503Z"
    }
  },
  {
    "model": "sessions.session",
    "pk": "968sxp4lbs13ds7sgzzlrjw6qxcgknmg",
    "fields": {
      "session_data": "MjNlM2NlNWEwOGU1NmYyMjE0YjM2ODFiYWJiNWY3OTJjOTZmNGFiMDp7Im5leHQiOiIvIiwidmstb2F1dGgyX3N0YXRlIjoiUXVGd0NqOHdLWDk0RTZSdm9aOVZZWjRMVlcxZkRHSEcifQ==",
      "expire_date": "2019-12-17T14:29:50.703Z"
    }
  },
  {
    "model": "sessions.session",
    "pk": "9kj4rafy6c3phq3leytly1gx2oskvq58",
    "fields": {
      "session_data": "YTliZjRiOWQzMjNhYmU0ZTc4YWQyOTI5NjA4NTBjMTZiYjQ2ZjBkYjp7Im5leHQiOiIvIiwidmstb2F1dGgyX3N0YXRlIjoiVW1SREx0SmpYNnhQMlEwdGF1cWdyQVJVU1IwYVRNOWUifQ==",
      "expire_date": "2019-12-17T14:39:34.139Z"
    }
  },
  {
    "model": "sessions.session",
    "pk": "cf40j2hi6besv688zgw9uqocwfac93os",
    "fields": {
      "session_data": "OGQ4ODllYmFhZWIxNTBlN2E0MTJmMWFlYTY5ZWMzNjE0NTEyM2YyZTp7Im5leHQiOiIvIiwidmstb2F1dGgyX3N0YXRlIjoiMkJQbk44SFBZTkJLOGxUMDl4ZmphNFZHcEtGTTlvamMiLCJfYXV0aF91c2VyX2lkIjoiNTQiLCJfYXV0aF91c2VyX2JhY2tlbmQiOiJzb2NpYWxfY29yZS5iYWNrZW5kcy52ay5WS09BdXRoMiIsIl9hdXRoX3VzZXJfaGFzaCI6IjM5ZmI5YTE2MWZmNTRjZGRlZTQxNGZkNWU3NWJiNjFmYWIzMDE1ZTkiLCJzb2NpYWxfYXV0aF9sYXN0X2xvZ2luX2JhY2tlbmQiOiJ2ay1vYXV0aDIifQ==",
      "expire_date": "2019-12-23T23:45:59.644Z"
    }
  },
  {
    "model": "sessions.session",
    "pk": "d541cc8347ds1iede9ezgc7ykyunokve",
    "fields": {
      "session_data": "NjljYWUzZmU4ZjdiYzE4N2E1NjgyNzc1YzVkOTZmMzU3YTE4ZWE4Nzp7Im5leHQiOiIvIiwidmstb2F1dGgyX3N0YXRlIjoiRW1jcFNuTEhRMzJCTnhtWmhuT1E0NEo4bzN2YThHeFoifQ==",
      "expire_date": "2019-12-17T10:59:13.340Z"
    }
  },
  {
    "model": "sessions.session",
    "pk": "dioaaqm13mst8pjb4wsu2xa451vkzjlu",
    "fields": {
      "session_data": "MTBhZmNmNjk4MzdjNmNmZjhkZDA3N2VmMTU3MmE5MzNhMzRhZmZkZjp7Il9hdXRoX3VzZXJfaWQiOiIyIiwiX2F1dGhfdXNlcl9iYWNrZW5kIjoiZGphbmdvLmNvbnRyaWIuYXV0aC5iYWNrZW5kcy5Nb2RlbEJhY2tlbmQiLCJfYXV0aF91c2VyX2hhc2giOiJhMTZkMjg5NGZlNTZjNzE4MjJmNzJlMmNiYjE3ZTRjNTc4Y2E2ZTRjIn0=",
      "expire_date": "2019-11-07T22:47:42.627Z"
    }
  },
  {
    "model": "sessions.session",
    "pk": "ecc8u7xolujrk8la55mxgf2tjhmxobtr",
    "fields": {
      "session_data": "M2U2NDM4YzliNzViNGIxNGQwZTVkZWQ0ZjExZmRhZGNmNmIzMzJkMDp7Im5leHQiOiIvIiwidmstb2F1dGgyX3N0YXRlIjoiWldrT21BNU83emhTdUtEVE5NMlo3anZyYWFnMjAxc3EifQ==",
      "expire_date": "2019-12-17T10:55:21.170Z"
    }
  },
  {
    "model": "sessions.session",
    "pk": "g8dcp5dxjwfbyoamtuwi32vemfg1z2p6",
    "fields": {
      "session_data": "OGZlOTRjNTQzN2I2ZGYwYWI0MjgyNTZkZTExMjg3NTZiYjliMDM3ZDp7Il9hdXRoX3VzZXJfaWQiOiI1NCIsIl9hdXRoX3VzZXJfYmFja2VuZCI6InNvY2lhbF9jb3JlLmJhY2tlbmRzLnZrLlZLT0F1dGgyIiwiX2F1dGhfdXNlcl9oYXNoIjoiMzlmYjlhMTYxZmY1NGNkZGVlNDE0ZmQ1ZTc1YmI2MWZhYjMwMTVlOSIsInNvY2lhbF9hdXRoX2xhc3RfbG9naW5fYmFja2VuZCI6InZrLW9hdXRoMiJ9",
      "expire_date": "2019-12-28T13:33:12.088Z"
    }
  },
  {
    "model": "sessions.session",
    "pk": "i6r4yuypbqu8z12g4oagxmc0zj53c72f",
    "fields": {
      "session_data": "MTBhZmNmNjk4MzdjNmNmZjhkZDA3N2VmMTU3MmE5MzNhMzRhZmZkZjp7Il9hdXRoX3VzZXJfaWQiOiIyIiwiX2F1dGhfdXNlcl9iYWNrZW5kIjoiZGphbmdvLmNvbnRyaWIuYXV0aC5iYWNrZW5kcy5Nb2RlbEJhY2tlbmQiLCJfYXV0aF91c2VyX2hhc2giOiJhMTZkMjg5NGZlNTZjNzE4MjJmNzJlMmNiYjE3ZTRjNTc4Y2E2ZTRjIn0=",
      "expire_date": "2020-01-08T09:42:53.734Z"
    }
  },
  {
    "model": "sessions.session",
    "pk": "m5qrpd91me8z7daoy3vaz8sobjtt1bpo",
    "fields": {
      "session_data": "NzA2YzUwOTg0OTJiMmEwN2YzZTM1YzM4NjU3ZDFjMDIyY2U3Y2UxZDp7Im5leHQiOiIvIiwidmstb2F1dGgyX3N0YXRlIjoicXA1RE1wNld2SmpxU0FvcGhDMXp1dUs4T08xeFIxQVQifQ==",
      "expire_date": "2019-12-17T11:25:39.055Z"
    }
  },
  {
    "model": "sessions.session",
    "pk": "pkli7lk2jnjeyc9srrim27awwjdkssi5",
    "fields": {
      "session_data": "OTYzNDkyYTQ4ZDhkYmEwMjJjOTJmM2RkMjNhM2UzNjEzNzExOTNmZTp7Im5leHQiOiIvIiwidmstb2F1dGgyX3N0YXRlIjoiNkRqOFVKbXhRNVF6QUxCR3pLQ3huMTIySUlTREFmZEgifQ==",
      "expire_date": "2019-12-17T11:24:11.732Z"
    }
  },
  {
    "model": "sessions.session",
    "pk": "uj519bi2x2aoymaqook8q8cnu3ps05kp",
    "fields": {
      "session_data": "MTBhZmNmNjk4MzdjNmNmZjhkZDA3N2VmMTU3MmE5MzNhMzRhZmZkZjp7Il9hdXRoX3VzZXJfaWQiOiIyIiwiX2F1dGhfdXNlcl9iYWNrZW5kIjoiZGphbmdvLmNvbnRyaWIuYXV0aC5iYWNrZW5kcy5Nb2RlbEJhY2tlbmQiLCJfYXV0aF91c2VyX2hhc2giOiJhMTZkMjg5NGZlNTZjNzE4MjJmNzJlMmNiYjE3ZTRjNTc4Y2E2ZTRjIn0=",
      "expire_date": "2019-12-23T11:16:28.474Z"
    }
  },
  {
    "model": "sessions.session",
    "pk": "ux259eo8bpjte0lon7fpvobrlnw3fv9m",
    "fields": {
      "session_data": "MmM0YjQ2Y2JiYTFmNWFjNmUyODk1Mjk2ODU3YmM4NzllZWM3OTczYjp7Im5leHQiOiIvIiwidmstb2F1dGgyX3N0YXRlIjoiWUYwNmlNcDdVa2ltYnl5Tjg1b0NWTzdmZ2Z4aU11WjEifQ==",
      "expire_date": "2019-12-17T14:28:32.786Z"
    }
  },
  {
    "model": "sessions.session",
    "pk": "uzgwiuuj16uqo7t2n2yzfcbxsaz7rj1b",
    "fields": {
      "session_data": "NDIxYzg2NGNlNmVlOTBiZmIzNGI0NGM2Yjc4Mjg4NmE2Y2QxODcwNDp7Il9hdXRoX3VzZXJfaWQiOiI1MSIsIl9hdXRoX3VzZXJfYmFja2VuZCI6InNvY2lhbF9jb3JlLmJhY2tlbmRzLnZrLlZLT0F1dGgyIiwiX2F1dGhfdXNlcl9oYXNoIjoiNzEzYTQ4YjEyZjRiYWIwMTkzYTViNjNjZTYxNGNiYjQ1ZWJiYWNlYSIsInNvY2lhbF9hdXRoX2xhc3RfbG9naW5fYmFja2VuZCI6InZrLW9hdXRoMiIsIm5leHQiOiIvIiwidmstb2F1dGgyX3N0YXRlIjoiQVhMUXFZOVBKTEFQZkt1bWhib29abnVFb3ZCeWRDN1UifQ==",
      "expire_date": "2019-12-18T15:22:21.318Z"
    }
  },
  {
    "model": "sessions.session",
    "pk": "wiyi9r8tnieforw9bhpj4s8uxwq8vkn0",
    "fields": {
      "session_data": "MTBhZmNmNjk4MzdjNmNmZjhkZDA3N2VmMTU3MmE5MzNhMzRhZmZkZjp7Il9hdXRoX3VzZXJfaWQiOiIyIiwiX2F1dGhfdXNlcl9iYWNrZW5kIjoiZGphbmdvLmNvbnRyaWIuYXV0aC5iYWNrZW5kcy5Nb2RlbEJhY2tlbmQiLCJfYXV0aF91c2VyX2hhc2giOiJhMTZkMjg5NGZlNTZjNzE4MjJmNzJlMmNiYjE3ZTRjNTc4Y2E2ZTRjIn0=",
      "expire_date": "2019-11-10T07:15:12.290Z"
    }
  },
  {
    "model": "sessions.session",
    "pk": "yifheby2w4xzb8v76h4ces87hadvwz34",
    "fields": {
      "session_data": "OTkxZjM4Yzc0OTA3ZTA4NDEzMjllODA1MzY3MDU3ZWNhODJlNDNiZTp7Im5leHQiOiIvIiwidmstb2F1dGgyX3N0YXRlIjoiZTVCWXFxRnR3WWk4SlFCeVV1SHlnQ1ZOZjd4T0JwQngifQ==",
      "expire_date": "2019-12-17T10:52:43.294Z"
    }
  },
  {
    "model": "sessions.session",
    "pk": "za8yi4aj5dmkatn8z1j7kynnsnehce7v",
    "fields": {
      "session_data": "MzFiOWJmNTllZGIxZWIwYzNmOTM1N2RlZTRjOTM1Mjc3ODc4OGJkYTp7Il9hdXRoX3VzZXJfaWQiOiIzMyIsIl9hdXRoX3VzZXJfYmFja2VuZCI6ImRqYW5nby5jb250cmliLmF1dGguYmFja2VuZHMuTW9kZWxCYWNrZW5kIiwiX2F1dGhfdXNlcl9oYXNoIjoiYjE3NDc1MmUzNmEyMWU3YzlmMTZhYjA1MzY4NmJlNGIxMmQxMmNiMSJ9",
      "expire_date": "2019-12-11T21:05:19.087Z"
    }
  },
  {
    "model": "mainapp.productcategory",
    "pk": 38,
    "fields": {
      "name": "\u0434\u043e\u043c",
      "description": "\u043e\u0442\u043b\u0438\u0447\u043d\u0430\u044f \u043c\u0435\u0431\u0435\u043b\u044c \u0434\u043b\u044f \u0434\u043e\u043c\u0430\u0448\u043d\u0435\u0433\u043e \u0438\u043d\u0442\u0435\u0440\u044c\u0435\u0440\u0430.",
      "is_active": true
    }
  },
  {
    "model": "mainapp.productcategory",
    "pk": 39,
    "fields": {
      "name": "\u043e\u0444\u0438\u0441",
      "description": "\u0441\u0442\u0438\u043b\u044c\u043d\u0430\u044f \u0438 \u043d\u0430\u0434\u0435\u0436\u043d\u0430\u044f \u043e\u0444\u0438\u0441\u043d\u0430\u044f \u043c\u0435\u0431\u0435\u043b\u044c \u043d\u043e\u0432\u043e\u0433\u043e \u043f\u043e\u043a\u043e\u043b\u0435\u043d\u0438\u044f.",
      "is_active": true
    }
  },
  {
    "model": "mainapp.productcategory",
    "pk": 40,
    "fields": {
      "name": "\u043c\u043e\u0434\u0435\u0440\u043d",
      "description": "\u043c\u0435\u0431\u0435\u043b\u044c \u0432 \u0441\u0442\u0438\u043b\u0435 \u041c\u041e\u0414\u0415\u0420\u041d \u043f\u043e\u0434\u043e\u0439\u0434\u0435\u0442 \u0434\u043b\u044f \u043b\u044e\u0431\u043e\u0433\u043e \u0438\u043d\u0442\u0435\u0440\u044c\u0435\u0440\u0430.",
      "is_active": true
    }
  },
  {
    "model": "mainapp.productcategory",
    "pk": 41,
    "fields": {
      "name": "\u043a\u043b\u0430\u0441\u0441\u0438\u043a\u0430",
      "description": "\u043a\u043b\u0430\u0441\u0441\u0438\u0447\u0435\u0441\u043a\u0438\u0439 \u0441\u0442\u0438\u043b\u044c \u0430\u043a\u0442\u0443\u0430\u043b\u0435\u043d \u0432 \u043b\u044e\u0431\u044b\u0435 \u0432\u0440\u0435\u043c\u0435\u043d\u0430.",
      "is_active": true
    }
  },
  {
    "model": "mainapp.product",
    "pk": 91,
    "fields": {
      "category": 38,
      "name": "\u043a\u043e\u043c\u0444\u043e\u0440\u0442 1",
      "image": "products_images/product-1.jpg",
      "short_desc": "\u043a\u043e\u043c\u0444\u043e\u0440\u0442\u043d\u044b\u0439 \u0441\u0442\u0443\u043b",
      "description": "\u043f\u043e\u0434\u043e\u0439\u0434\u0435\u0442 \u0434\u043b\u044f \u043f\u0440\u043e\u0441\u043c\u043e\u0442\u0440\u0430 \u0444\u0438\u043b\u044c\u043c\u043e\u0432",
      "price": "2989.50",
      "quantity": 16,
      "is_active": true
    }
  },
  {
    "model": "mainapp.product",
    "pk": 92,
    "fields": {
      "category": 38,
      "name": "\u043a\u043e\u043c\u0444\u043e\u0440\u0442 2",
      "image": "products_images/product-2.jpg",
      "short_desc": "\u043e\u0447\u0435\u043d\u044c \u043a\u043e\u043c\u0444\u043e\u0440\u0442\u043d\u044b\u0439 \u0441\u0442\u0443\u043b",
      "description": "\u043f\u043e\u0434\u043e\u0439\u0434\u0435\u0442 \u0434\u043b\u044f \u043e\u0431\u0449\u0435\u043d\u0438\u044f \u0441 \u0434\u0440\u0443\u0437\u044c\u044f\u043c\u0438",
      "price": "3687.20",
      "quantity": 17,
      "is_active": true
    }
  },
  {
    "model": "mainapp.product",
    "pk": 93,
    "fields": {
      "category": 38,
      "name": "\u043b\u044e\u043a\u0441",
      "image": "products_images/product-3.jpg",
      "short_desc": "\u0438\u0441\u043f\u043e\u043b\u044c\u0437\u043e\u0432\u0430\u043d\u044b \u043f\u0440\u0435\u043c\u0438\u0430\u043b\u044c\u043d\u044b\u0435 \u043c\u0430\u0442\u0435\u0440\u0438\u0430\u043b\u044b",
      "description": "\u0434\u043b\u044f \u0442\u0435\u0445, \u043a\u0442\u043e \u0441\u0442\u0440\u0435\u043c\u0438\u0442\u0441\u044f \u043a \u043b\u0443\u0447\u0448\u0435\u043c\u0443",
      "price": "8157.99",
      "quantity": 1,
      "is_active": true
    }
  },
  {
    "model": "mainapp.product",
    "pk": 94,
    "fields": {
      "category": 39,
      "name": "\u0441\u0442\u0430\u043d\u0434\u0430\u0440\u0442",
      "image": "products_images/product-4.jpg",
      "short_desc": "\u0443\u043d\u0438\u0432\u0435\u0440\u0441\u0430\u043b\u044c\u043d\u043e\u0435 \u0440\u0435\u0448\u0435\u043d\u0438\u0435",
      "description": "\u043f\u043e\u0434\u043e\u0439\u0434\u0435\u0442 \u0434\u043b\u044f \u043b\u044e\u0431\u043e\u0433\u043e \u043e\u0444\u0438\u0441\u0430",
      "price": "1895.25",
      "quantity": 43,
      "is_active": true
    }
  },
  {
    "model": "mainapp.product",
    "pk": 95,
    "fields": {
      "category": 39,
      "name": "\u043f\u0440\u0435\u043c\u0438\u0443\u043c",
      "image": "products_images/product-5.jpg",
      "short_desc": "\u0443\u043b\u0443\u0447\u0448\u0435\u043d\u043d\u044b\u0439 \u0434\u0438\u0437\u0430\u0439\u043d",
      "description": "\u0438\u0434\u0435\u0430\u043b\u044c\u043d\u043e \u0432\u043f\u0438\u0448\u0435\u0442\u0441\u044f \u0432 \u0441\u0442\u0440\u043e\u0433\u0438\u0439 \u0438\u043d\u0442\u0435\u0440\u044c\u0435\u0440 \u043e\u0444\u0438\u0441\u0430",
      "price": "3587.41",
      "quantity": 5,
      "is_active": true
    }
  },
  {
    "model": "mainapp.product",
    "pk": 96,
    "fields": {
      "category": 40,
      "name": "\u043d\u043e\u0432\u0438\u043d\u043a\u0430",
      "image": "products_images/product-6.jpg",
      "short_desc": "\u0438\u043d\u043d\u043e\u0432\u0430\u0446\u0438\u043e\u043d\u043d\u044b\u0439 \u0434\u0438\u0437\u0430\u0439\u043d",
      "description": "\u043d\u0435\u0441\u0442\u0430\u043d\u0434\u0430\u0440\u0442\u043d\u043e\u0435 \u0440\u0435\u0448\u0435\u043d\u0438\u0435 \u0434\u043b\u044f \u0441\u043e\u0432\u0440\u0435\u043c\u0435\u043d\u043d\u043e\u0433\u043e \u0438\u043d\u0442\u0435\u0440\u044c\u0435\u0440\u0430",
      "price": "5361.47",
      "quantity": 16,
      "is_active": true
    }
  },
  {
    "model": "mainapp.product",
    "pk": 97,
    "fields": {
      "category": 40,
      "name": "\u043f\u0440\u043e\u0433\u0440\u0435\u0441\u0441",
      "image": "products_images/product-7.jpg",
      "short_desc": "\u043f\u0440\u043e\u0433\u0440\u0435\u0441\u0441\u0438\u0432\u043d\u044b\u0439 \u0434\u0438\u0437\u0430\u0439\u043d",
      "description": "\u0444\u0443\u043d\u043a\u0446\u0438\u043e\u043d\u0430\u043b\u044c\u043d\u043e\u0435 \u0438 \u043a\u043e\u043c\u0444\u043e\u0440\u0442\u043d\u043e\u0435 \u0440\u0435\u0448\u0435\u043d\u0438\u0435",
      "price": "6789.33",
      "quantity": 7,
      "is_active": true
    }
  },
  {
    "model": "mainapp.product",
    "pk": 98,
    "fields": {
      "category": 41,
      "name": "\u0432\u0435\u043d\u0435\u0446\u0438\u044f",
      "image": "products_images/product-8.jpg",
      "short_desc": "\u043a\u043b\u0430\u0441\u0441\u0438\u0447\u0435\u0441\u043a\u0438\u0435 \u0444\u043e\u0440\u043c\u044b",
      "description": "\u043e\u043a\u0443\u043d\u0438\u0442\u0435\u0441\u044c \u0432 \u0435\u0432\u0440\u043e\u043f\u0435\u0439\u0441\u043a\u0438\u0439 \u043a\u043e\u043c\u0444\u043e\u0440\u0442",
      "price": "4147.51",
      "quantity": 20,
      "is_active": true
    }
  },
  {
    "model": "mainapp.product",
    "pk": 99,
    "fields": {
      "category": 41,
      "name": "\u0442\u043e\u0441\u043a\u0430\u043d\u0430",
      "image": "products_images/product-9.jpg",
      "short_desc": "\u044d\u0440\u0433\u043e\u043d\u043e\u043c\u0438\u0447\u043d\u0430\u044f \u0441\u043f\u0438\u043d\u043a\u0430",
      "description": "\u043f\u043e\u0447\u0443\u0432\u0441\u0442\u0432\u0443\u0439\u0442\u0435 \u043a\u043e\u043c\u0444\u043e\u0440\u0442 \u0438 \u043d\u0430\u0441\u043b\u0430\u0434\u0438\u0442\u0435\u0441\u044c \u0446\u0432\u0435\u0442\u043e\u0432\u043e\u0439 \u0433\u0430\u043c\u043c\u043e\u0439",
      "price": "7147.35",
      "quantity": 18,
      "is_active": true
    }
  },
  {
    "model": "mainapp.product",
    "pk": 100,
    "fields": {
      "category": 41,
      "name": "\u0440\u0438\u043c",
      "image": "products_images/product-10.jpg",
      "short_desc": "\u0443\u0434\u0430\u0447\u043d\u044b\u0435 \u043f\u0440\u043e\u043f\u043e\u0440\u0446\u0438\u0438",
      "description": "\u043a\u043e\u043c\u043f\u0430\u043a\u0442\u043d\u043e\u0441\u0442\u044c \u0438 \u0444\u0443\u043d\u043a\u0446\u0438\u043e\u043d\u0430\u043b\u044c\u043d\u043e\u0441\u0442\u044c",
      "price": "8357.77",
      "quantity": 8,
      "is_active": true
    }
  },
  {
    "model": "authapp.shopuser",
    "pk": 2,
    "fields": {
      "password": "pbkdf2_sha256$150000$iPR0kzoh8mac$TnNBGiZCRBpOBPYxsOCIt8RGIUgROwXeLwEAD6tdoeY=",
      "last_login": "2019-12-25T09:42:53.721Z",
      "is_superuser": true,
      "username": "django",
      "first_name": "MikeT",
      "last_name": "",
      "email": "django@geekshop.local",
      "is_staff": true,
      "is_active": true,
      "date_joined": "2019-10-10T13:56:47.094Z",
      "avatar": "users_avatars/1526046206254339484.png",
      "age": 33,
      "activation_key": "",
      "activation_key_expires": "2019-12-04T16:40:55.621Z",
      "groups": [],
      "user_permissions": []
    }
  },
  {
    "model": "authapp.shopuser",
    "pk": 21,
    "fields": {
      "password": "pbkdf2_sha256$150000$byFiSsvUN67Q$fKknsFzgMM8VVAyIKxDm0v/9uwB2l0K3M/a5G7QPbGM=",
      "last_login": null,
      "is_superuser": false,
      "username": "Orc",
      "first_name": "ZugZug",
      "last_name": "",
      "email": "test@test.ru",
      "is_staff": false,
      "is_active": false,
      "date_joined": "2019-11-27T08:48:43.761Z",
      "avatar": "",
      "age": 22,
      "activation_key": "",
      "activation_key_expires": "2019-12-04T16:40:55.621Z",
      "groups": [],
      "user_permissions": []
    }
  },
  {
    "model": "authapp.shopuser",
    "pk": 22,
    "fields": {
      "password": "pbkdf2_sha256$150000$WntnOmHNW1vO$3rSr52odzzy5GLVyj8hplrv3rJlZFXpd0nQGY2OnFsE=",
      "last_login": null,
      "is_superuser": false,
      "username": "Orcish",
      "first_name": "Orcish",
      "last_name": "",
      "email": "test@test.ru",
      "is_staff": false,
      "is_active": false,
      "date_joined": "2019-11-27T09:22:59.881Z",
      "avatar": "",
      "age": 22,
      "activation_key": "",
      "activation_key_expires": "2019-12-04T16:40:55.621Z",
      "groups": [],
      "user_permissions": []
    }
  },
  {
    "model": "authapp.shopuser",
    "pk": 23,
    "fields": {
      "password": "pbkdf2_sha256$150000$WPk2TEN6asWZ$x/CiPvGJM+kljIXpxiJiJBnatm4Eia6eGOSg1rAv1Bk=",
      "last_login": null,
      "is_superuser": false,
      "username": "aaa",
      "first_name": "ddd",
      "last_name": "",
      "email": "test@test.ru",
      "is_staff": false,
      "is_active": false,
      "date_joined": "2019-11-27T09:29:09.010Z",
      "avatar": "",
      "age": 22,
      "activation_key": "",
      "activation_key_expires": "2019-12-04T16:40:55.621Z",
      "groups": [],
      "user_permissions": []
    }
  },
  {
    "model": "authapp.shopuser",
    "pk": 24,
    "fields": {
      "password": "pbkdf2_sha256$150000$5nggbgxxY3tM$o0JeQetNgLkJ2LYz0TAQXw06xQwXGDV/TY3dwSyHBMk=",
      "last_login": null,
      "is_superuser": false,
      "username": "Ramon",
      "first_name": "Ramon",
      "last_name": "",
      "email": "test@test.ru",
      "is_staff": false,
      "is_active": false,
      "date_joined": "2019-11-27T09:41:02.877Z",
      "avatar": "",
      "age": 22,
      "activation_key": "",
      "activation_key_expires": "2019-12-04T16:40:55.621Z",
      "groups": [],
      "user_permissions": []
    }
  },
  {
    "model": "authapp.shopuser",
    "pk": 25,
    "fields": {
      "password": "pbkdf2_sha256$150000$AbGyc5RGTmFQ$iOFGEy9UXIGJbxp7BYIJazzw0K6aN8M3Hf49i1ruIww=",
      "last_login": null,
      "is_superuser": false,
      "username": "Punisher",
      "first_name": "Orcish",
      "last_name": "",
      "email": "test@test.ru",
      "is_staff": false,
      "is_active": false,
      "date_joined": "2019-11-27T09:50:33.266Z",
      "avatar": "",
      "age": 22,
      "activation_key": "",
      "activation_key_expires": "2019-12-04T16:40:55.621Z",
      "groups": [],
      "user_permissions": []
    }
  },
  {
    "model": "authapp.shopuser",
    "pk": 26,
    "fields": {
      "password": "pbkdf2_sha256$150000$bE1xYxhMQi9p$sZuLV5VHxWipIXGo1hIiN+1elHfUSIOxLGMH/DYZVTc=",
      "last_login": null,
      "is_superuser": false,
      "username": "lol",
      "first_name": "kek",
      "last_name": "",
      "email": "test@test.ru",
      "is_staff": false,
      "is_active": false,
      "date_joined": "2019-11-27T10:04:39.211Z",
      "avatar": "",
      "age": 22,
      "activation_key": "",
      "activation_key_expires": "2019-12-04T16:40:55.621Z",
      "groups": [],
      "user_permissions": []
    }
  },
  {
    "model": "authapp.shopuser",
    "pk": 27,
    "fields": {
      "password": "pbkdf2_sha256$150000$Z1IxY13pTWm2$oQzvyOQIzu5eXyKUDrRMQI++Y5UGU/pfvxizyMp+LUI=",
      "last_login": "2019-11-27T10:34:26.281Z",
      "is_superuser": false,
      "username": "misha",
      "first_name": "misha",
      "last_name": "",
      "email": "lol@ltest.ru",
      "is_staff": false,
      "is_active": true,
      "date_joined": "2019-11-27T10:34:05.001Z",
      "avatar": "",
      "age": 22,
      "activation_key": "",
      "activation_key_expires": "2019-12-04T16:40:55.621Z",
      "groups": [],
      "user_permissions": []
    }
  },
  {
    "model": "authapp.shopuser",
    "pk": 28,
    "fields": {
      "password": "pbkdf2_sha256$150000$9iPVafnPovb0$4ksjuEGf3Nr6dAaZM5oRwJimgNCvop0OLjod3ZhKMQA=",
      "last_login": "2019-11-27T10:36:31.351Z",
      "is_superuser": false,
      "username": "vasya",
      "first_name": "vasya",
      "last_name": "",
      "email": "bur@bur.ru",
      "is_staff": false,
      "is_active": true,
      "date_joined": "2019-11-27T10:36:20.615Z",
      "avatar": "",
      "age": 22,
      "activation_key": "",
      "activation_key_expires": "2019-12-04T16:40:55.621Z",
      "groups": [],
      "user_permissions": []
    }
  },
  {
    "model": "authapp.shopuser",
    "pk": 29,
    "fields": {
      "password": "pbkdf2_sha256$150000$90jKzZGxSV8M$V+yuuB/HAi041g48mbofnwcZVplcsgwbzcbHSc+d0+U=",
      "last_login": "2019-11-27T10:37:47.717Z",
      "is_superuser": false,
      "username": "kolya",
      "first_name": "kolya",
      "last_name": "",
      "email": "kolya@test.ru",
      "is_staff": false,
      "is_active": true,
      "date_joined": "2019-11-27T10:37:25.941Z",
      "avatar": "",
      "age": 22,
      "activation_key": "",
      "activation_key_expires": "2019-12-04T16:40:55.621Z",
      "groups": [],
      "user_permissions": []
    }
  },
  {
    "model": "authapp.shopuser",
    "pk": 30,
    "fields": {
      "password": "pbkdf2_sha256$150000$4cpN0vbTZwS0$Q08I4sVkJY+6L3SyyS4Cfzp3I/4FuYE8UkjGJnxjHWk=",
      "last_login": null,
      "is_superuser": false,
      "username": "hello",
      "first_name": "hello",
      "last_name": "",
      "email": "test@test.ru",
      "is_staff": false,
      "is_active": false,
      "date_joined": "2019-11-27T10:38:30.103Z",
      "avatar": "",
      "age": 22,
      "activation_key": "",
      "activation_key_expires": "2019-12-04T16:40:55.621Z",
      "groups": [],
      "user_permissions": []
    }
  },
  {
    "model": "authapp.shopuser",
    "pk": 35,
    "fields": {
      "password": "pbkdf2_sha256$150000$EUtiOwLfHYbO$GaVHOqLHwb6VTSIhj+KVZg8PMfUvKz+VURlNOhQGazs=",
      "last_login": null,
      "is_superuser": false,
      "username": "somebody",
      "first_name": "geek",
      "last_name": "",
      "email": "loshadka@mail.ru",
      "is_staff": false,
      "is_active": false,
      "date_joined": "2019-11-27T21:10:46.854Z",
      "avatar": "",
      "age": 22,
      "activation_key": "",
      "activation_key_expires": "2019-12-04T16:40:55.621Z",
      "groups": [],
      "user_permissions": []
    }
  },
  {
    "model": "authapp.shopuser",
    "pk": 36,
    "fields": {
      "password": "pbkdf2_sha256$150000$Hs7GbHr8MjU6$BD1/oXH7g79NyE23TZINLFyLPhCFqg1ECwm8jggrjX4=",
      "last_login": null,
      "is_superuser": false,
      "username": "Kasha",
      "first_name": "Mavashi",
      "last_name": "",
      "email": "gb@mail.ru",
      "is_staff": false,
      "is_active": true,
      "date_joined": "2019-12-02T16:42:54.107Z",
      "avatar": "",
      "age": 18,
      "activation_key": "",
      "activation_key_expires": "2019-12-04T16:42:24.738Z",
      "groups": [],
      "user_permissions": []
    }
  },
  {
    "model": "authapp.shopuser",
    "pk": 39,
    "fields": {
      "password": "pbkdf2_sha256$150000$UP7L93f78vtA$C4kmVevn+lWJnHoEHqrvviYrTnIdpl0O3ykMWgVsHOY=",
      "last_login": "2019-12-02T17:06:01.432Z",
      "is_superuser": false,
      "username": "Tauren",
      "first_name": "Chieftien",
      "last_name": "",
      "email": "orcs@partnership.com",
      "is_staff": false,
      "is_active": true,
      "date_joined": "2019-12-02T17:05:44.982Z",
      "avatar": "",
      "age": 18,
      "activation_key": "b218495206f89d94e4ff040ee84ccfc5834b435e",
      "activation_key_expires": "2019-12-04T16:57:17.879Z",
      "groups": [],
      "user_permissions": []
    }
  },
  {
    "model": "authapp.shopuser",
    "pk": 53,
    "fields": {
      "password": "pbkdf2_sha256$150000$48LaFP1fJOV4$qBjbSmUHH+q1n5L5DovgLcXSitYVxASlicQ0RqTGQeA=",
      "last_login": null,
      "is_superuser": false,
      "username": "kek",
      "first_name": "bur",
      "last_name": "",
      "email": "azaza@lol.tr",
      "is_staff": false,
      "is_active": false,
      "date_joined": "2019-12-09T23:44:24.934Z",
      "avatar": "",
      "age": 18,
      "activation_key": "6b37ff679556134206c36966a2e2b150d15eb053",
      "activation_key_expires": "2019-12-11T23:38:13.606Z",
      "groups": [],
      "user_permissions": []
    }
  },
  {
    "model": "authapp.shopuser",
    "pk": 54,
    "fields": {
      "password": "!ligSiZtE3a0yWmoZXjWXvDGEwWAOtiOhZelwph6C",
      "last_login": "2019-12-14T13:33:12.064Z",
      "is_superuser": false,
      "username": "machukhinktato",
      "first_name": "\u041c\u0438\u0445\u0430\u0438\u043b",
      "last_name": "\u0422\u0430\u0440\u0430\u0431\u0440\u0438\u043d",
      "email": "seboz@yandex.ru",
      "is_staff": false,
      "is_active": true,
      "date_joined": "2019-12-09T23:45:59.394Z",
      "avatar": "",
      "age": 18,
      "activation_key": "",
      "activation_key_expires": "2019-12-11T23:38:13.606Z",
      "groups": [],
      "user_permissions": []
    }
  },
  {
    "model": "authapp.shopuserprofile",
    "pk": 1,
    "fields": {
      "user": 2,
      "tagline": "",
      "aboutMe": "",
      "gender": ""
    }
  },
  {
    "model": "authapp.shopuserprofile",
    "pk": 3,
    "fields": {
      "user": 21,
      "tagline": "",
      "aboutMe": "",
      "gender": ""
    }
  },
  {
    "model": "authapp.shopuserprofile",
    "pk": 4,
    "fields": {
      "user": 22,
      "tagline": "",
      "aboutMe": "",
      "gender": ""
    }
  },
  {
    "model": "authapp.shopuserprofile",
    "pk": 5,
    "fields": {
      "user": 23,
      "tagline": "",
      "aboutMe": "",
      "gender": ""
    }
  },
  {
    "model": "authapp.shopuserprofile",
    "pk": 6,
    "fields": {
      "user": 24,
      "tagline": "",
      "aboutMe": "",
      "gender": ""
    }
  },
  {
    "model": "authapp.shopuserprofile",
    "pk": 7,
    "fields": {
      "user": 25,
      "tagline": "",
      "aboutMe": "",
      "gender": ""
    }
  },
  {
    "model": "authapp.shopuserprofile",
    "pk": 8,
    "fields": {
      "user": 26,
      "tagline": "",
      "aboutMe": "",
      "gender": ""
    }
  },
  {
    "model": "authapp.shopuserprofile",
    "pk": 9,
    "fields": {
      "user": 27,
      "tagline": "",
      "aboutMe": "",
      "gender": ""
    }
  },
  {
    "model": "authapp.shopuserprofile",
    "pk": 10,
    "fields": {
      "user": 28,
      "tagline": "",
      "aboutMe": "",
      "gender": ""
    }
  },
  {
    "model": "authapp.shopuserprofile",
    "pk": 11,
    "fields": {
      "user": 29,
      "tagline": "",
      "aboutMe": "",
      "gender": ""
    }
  },
  {
    "model": "authapp.shopuserprofile",
    "pk": 12,
    "fields": {
      "user": 30,
      "tagline": "",
      "aboutMe": "",
      "gender": ""
    }
  },
  {
    "model": "authapp.shopuserprofile",
    "pk": 13,
    "fields": {
      "user": 35,
      "tagline": "",
      "aboutMe": "",
      "gender": ""
    }
  },
  {
    "model": "authapp.shopuserprofile",
    "pk": 14,
    "fields": {
      "user": 36,
      "tagline": "",
      "aboutMe": "",
      "gender": "M"
    }
  },
  {
    "model": "authapp.shopuserprofile",
    "pk": 16,
    "fields": {
      "user": 39,
      "tagline": "",
      "aboutMe": "",
      "gender": ""
    }
  },
  {
    "model": "authapp.shopuserprofile",
    "pk": 44,
    "fields": {
      "user": 53,
      "tagline": "",
      "aboutMe": "",
      "gender": ""
    }
  },
  {
    "model": "authapp.shopuserprofile",
    "pk": 45,
    "fields": {
      "user": 54,
      "tagline": "",
      "aboutMe": "\u0414\u044f\u0434\u044f \u041c\u0438\u0448\u0430",
      "gender": "M"
    }
  },
  {
    "model": "social_django.usersocialauth",
    "pk": 19,
    "fields": {
      "user": 54,
      "provider": "vk-oauth2",
      "uid": "2914311",
      "extra_data": "{\"auth_time\": 1576330392, \"id\": 2914311, \"expires\": 86400, \"access_token\": \"b1bdea76c700598543a22804694352a75936cc881d776b1118f3bdb8718b588c2ce2d3e27aef62df7a12d\", \"token_type\": null}"
    }
  },
  {
    "model": "ordersapp.order",
    "pk": 1,
    "fields": {
      "user": 2,
      "created": "2019-12-25T21:05:38.805Z",
      "updated": "2019-12-25T21:05:38.828Z",
      "status": "FM",
      "is_active": true
    }
  },
  {
    "model": "ordersapp.order",
    "pk": 2,
    "fields": {
      "user": 2,
      "created": "2019-12-26T03:13:15.304Z",
      "updated": "2019-12-26T03:45:09.804Z",
      "status": "STP",
      "is_active": true
    }
  },
  {
    "model": "ordersapp.order",
    "pk": 3,
    "fields": {
      "user": 2,
      "created": "2019-12-26T03:43:19.469Z",
      "updated": "2019-12-28T14:22:24.874Z",
      "status": "STP",
      "is_active": true
    }
  },
  {
    "model": "ordersapp.order",
    "pk": 4,
    "fields": {
      "user": 2,
      "created": "2019-12-26T03:43:51.115Z",
      "updated": "2019-12-28T14:21:32.410Z",
      "status": "FM",
      "is_active": false
    }
  },
  {
    "model": "ordersapp.order",
    "pk": 5,
    "fields": {
      "user": 2,
      "created": "2019-12-26T16:20:14.680Z",
      "updated": "2019-12-28T14:21:24.014Z",
      "status": "STP",
      "is_active": true
    }
  },
  {
    "model": "ordersapp.order",
    "pk": 6,
    "fields": {
      "user": 2,
      "created": "2019-12-26T16:21:00.424Z",
      "updated": "2019-12-26T16:21:00.446Z",
      "status": "FM",
      "is_active": false
    }
  },
  {
    "model": "ordersapp.order",
    "pk": 7,
    "fields": {
      "user": 2,
      "created": "2019-12-26T16:21:04.083Z",
      "updated": "2019-12-26T16:21:04.109Z",
      "status": "FM",
      "is_active": false
    }
  },
  {
    "model": "ordersapp.order",
    "pk": 8,
    "fields": {
      "user": 2,
      "created": "2019-12-26T16:22:11.685Z",
      "updated": "2019-12-26T17:44:55.344Z",
      "status": "FM",
      "is_active": false
    }
  },
  {
    "model": "ordersapp.order",
    "pk": 9,
    "fields": {
      "user": 2,
      "created": "2019-12-26T16:26:31.789Z",
      "updated": "2019-12-28T14:21:21.446Z",
      "status": "FM",
      "is_active": true
    }
  },
  {
    "model": "ordersapp.order",
    "pk": 10,
    "fields": {
      "user": 2,
      "created": "2019-12-26T16:30:05.098Z",
      "updated": "2019-12-26T16:30:05.123Z",
      "status": "FM",
      "is_active": true
    }
  },
  {
    "model": "ordersapp.order",
    "pk": 11,
    "fields": {
      "user": 2,
      "created": "2019-12-26T16:34:23.892Z",
      "updated": "2019-12-26T16:35:41.538Z",
      "status": "STP",
      "is_active": true
    }
  },
  {
    "model": "ordersapp.order",
    "pk": 12,
    "fields": {
      "user": 2,
      "created": "2019-12-27T17:40:58.501Z",
      "updated": "2020-01-01T08:47:56.249Z",
      "status": "FM",
      "is_active": true
    }
  },
  {
    "model": "ordersapp.orderitem",
    "pk": 1,
    "fields": {
      "order": 1,
      "product": 91,
      "quantity": 1
    }
  },
  {
    "model": "ordersapp.orderitem",
    "pk": 2,
    "fields": {
      "order": 2,
      "product": 93,
      "quantity": 3
    }
  },
  {
    "model": "ordersapp.orderitem",
    "pk": 3,
    "fields": {
      "order": 3,
      "product": 97,
      "quantity": 3
    }
  },
  {
    "model": "ordersapp.orderitem",
    "pk": 4,
    "fields": {
      "order": 3,
      "product": 96,
      "quantity": 2
    }
  },
  {
    "model": "ordersapp.orderitem",
    "pk": 5,
    "fields": {
      "order": 4,
      "product": 93,
      "quantity": 0
    }
  },
  {
    "model": "ordersapp.orderitem",
    "pk": 6,
    "fields": {
      "order": 4,
      "product": 92,
      "quantity": 3
    }
  },
  {
    "model": "ordersapp.orderitem",
    "pk": 7,
    "fields": {
      "order": 4,
      "product": 93,
      "quantity": 3
    }
  },
  {
    "model": "ordersapp.orderitem",
    "pk": 8,
    "fields": {
      "order": 5,
      "product": 98,
      "quantity": 3
    }
  },
  {
    "model": "ordersapp.orderitem",
    "pk": 9,
    "fields": {
      "order": 8,
      "product": 92,
      "quantity": 3
    }
  },
  {
    "model": "ordersapp.orderitem",
    "pk": 10,
    "fields": {
      "order": 9,
      "product": 92,
      "quantity": 2
    }
  },
  {
    "model": "ordersapp.orderitem",
    "pk": 11,
    "fields": {
      "order": 10,
      "product": 92,
      "quantity": 2
    }
  },
  {
    "model": "ordersapp.orderitem",
    "pk": 12,
    "fields": {
      "order": 10,
      "product": 98,
      "quantity": 2
    }
  },
  {
    "model": "ordersapp.orderitem",
    "pk": 13,
    "fields": {
      "order": 11,
      "product": 93,
      "quantity": 1
    }
  },
  {
    "model": "ordersapp.orderitem",
    "pk": 14,
    "fields": {
      "order": 11,
      "product": 95,
      "quantity": 2
    }
  },
  {
    "model": "ordersapp.orderitem",
    "pk": 15,
    "fields": {
      "order": 11,
      "product": 97,
      "quantity": 3
    }
  },
  {
    "model": "ordersapp.orderitem",
    "pk": 16,
    "fields": {
      "order": 11,
      "product": 97,
      "quantity": 2
    }
  },
  {
    "model": "ordersapp.orderitem",
    "pk": 17,
    "fields": {
      "order": 12,
      "product": 95,
      "quantity": 2
    }
  },
  {
    "model": "ordersapp.orderitem",
    "pk": 18,
    "fields": {
      "order": 12,
      "product": 93,
      "quantity": 2
    }
  }
]